Id,MSSubClass,MSZoning,LotFrontage,LotArea,Street,Alley,LotShape,LandContour,Utilities,LotConfig,LandSlope,Neighborhood,Condition1,Condition2,BldgType,HouseStyle,OverallQual,OverallCond,YearBuilt,YearRemodAdd,RoofStyle,RoofMatl,Exterior1st,Exterior2nd,MasVnrType,MasVnrArea,ExterQual,ExterCond,Foundation,BsmtQual,BsmtCond,BsmtExposure,BsmtFinType1,BsmtFinSF1,BsmtFinType2,BsmtFinSF2,BsmtUnfSF,TotalBsmtSF,Heating,HeatingQC,CentralAir,Electrical,1stFlrSF,2ndFlrSF,LowQualFinSF,GrLivArea,BsmtFullBath,BsmtHalfBath,FullBath,HalfBath,BedroomAbvGr,KitchenAbvGr,KitchenQual,TotRmsAbvGrd,Functional,Fireplaces,FireplaceQu,GarageType,GarageYrBlt,GarageFinish,GarageCars,GarageArea,GarageQual,GarageCond,PavedDrive,WoodDeckSF,OpenPorchSF,EnclosedPorch,3SsnPorch,ScreenPorch,PoolArea,PoolQC,Fence,MiscFeature,MiscVal,MoSold,YrSold,SaleType,SaleCondition,SalePrice
494,20,RL,70.0,7931,Pave,,Reg,Lvl,AllPub,Inside,Gtl,NAmes,Norm,Norm,1Fam,1Story,5,6,1960,1960,Gable,CompShg,BrkFace,Wd Sdng,None,0.0,TA,TA,CBlock,TA,TA,No,BLQ,374,LwQ,532,363,1269,GasA,TA,Y,FuseA,1269,0,0,1269,0,0,1,1,3,1,TA,6,Typ,1,Fa,Detchd,1964.0,Unf,1,308,TA,TA,Y,0,0,0,0,0,0,,,,0,6,2008,WD,Normal,155000
412,190,RL,100.0,34650,Pave,,Reg,Bnk,AllPub,Inside,Gtl,Gilbert,Norm,Norm,2fmCon,1Story,5,5,1955,1955,Hip,CompShg,Wd Sdng,Wd Sdng,None,0.0,TA,TA,CBlock,TA,TA,Mn,Rec,1056,Unf,0,0,1056,GasA,TA,N,SBrkr,1056,0,0,1056,1,0,1,0,3,1,TA,5,Typ,0,,Attchd,1955.0,Fin,2,572,TA,TA,Y,264,0,0,0,0,0,,,,0,1,2006,WD,Normal,145000
1125,80,RL,,9125,Pave,,IR1,Lvl,AllPub,Inside,Gtl,Gilbert,Norm,Norm,1Fam,SLvl,7,5,1992,1992,Gable,CompShg,HdBoard,HdBoard,BrkFace,170.0,TA,TA,PConc,Gd,TA,No,Unf,0,Unf,0,384,384,GasA,Gd,Y,SBrkr,812,670,0,1482,0,0,2,1,3,1,Gd,7,Typ,1,TA,Attchd,1992.0,Fin,2,392,TA,TA,Y,100,25,0,0,0,0,,,,0,7,2007,WD,Normal,163900
266,20,RL,78.0,12090,Pave,,IR1,Lvl,AllPub,Inside,Gtl,NWAmes,Norm,Norm,1Fam,1Story,6,6,1981,1981,Gable,CompShg,MetalSd,MetalSd,BrkFace,210.0,TA,Gd,CBlock,Gd,TA,No,GLQ,588,LwQ,228,606,1422,GasA,TA,Y,SBrkr,1422,0,0,1422,0,0,2,0,3,1,Gd,7,Typ,1,TA,Attchd,1981.0,Fin,2,576,TA,TA,Y,276,0,0,0,0,0,,GdPrv,,0,6,2008,WD,Normal,175500
561,20,RL,,11341,Pave,,IR1,Lvl,AllPub,Inside,Gtl,Sawyer,Norm,Norm,1Fam,1Story,5,6,1957,1996,Hip,CompShg,Wd Sdng,Wd Sdng,BrkFace,180.0,TA,TA,CBlock,Gd,TA,No,ALQ,1302,Unf,0,90,1392,GasA,TA,Y,SBrkr,1392,0,0,1392,1,0,1,1,3,1,TA,5,Mod,1,Gd,Detchd,1957.0,Unf,2,528,TA,TA,Y,0,0,0,0,95,0,,,,0,5,2010,WD,Normal,121500
613,60,RL,,11885,Pave,,Reg,Lvl,AllPub,Inside,Gtl,CollgCr,Norm,Norm,1Fam,2Story,8,5,2001,2001,Gable,CompShg,VinylSd,VinylSd,BrkFace,108.0,Gd,TA,PConc,Gd,TA,Av,GLQ,990,Unf,0,309,1299,GasA,Ex,Y,SBrkr,1299,573,0,1872,1,0,2,1,3,1,Ex,7,Typ,1,TA,BuiltIn,2001.0,RFn,2,531,TA,TA,Y,160,122,0,0,0,0,,,,0,11,2009,WD,Normal,261500
618,45,RL,59.0,7227,Pave,,Reg,HLS,AllPub,Corner,Mod,NAmes,Artery,Norm,1Fam,1.5Unf,6,6,1954,1954,Gable,CompShg,MetalSd,MetalSd,None,0.0,TA,TA,CBlock,TA,TA,No,Unf,0,Unf,0,832,832,GasA,Gd,Y,SBrkr,832,0,0,832,0,0,1,0,2,1,Gd,4,Typ,0,,Detchd,1962.0,Unf,2,528,TA,TA,Y,0,0,0,0,0,0,,,,0,6,2008,WD,Normal,105500
590,40,RM,50.0,9100,Pave,,Reg,Lvl,AllPub,Inside,Gtl,BrkSide,RRAn,Feedr,1Fam,1Story,5,6,1930,1960,Gable,CompShg,VinylSd,VinylSd,None,0.0,TA,TA,BrkTil,TA,TA,No,Unf,0,Unf,0,742,742,GasA,TA,Y,FuseA,779,0,156,935,0,0,1,0,2,1,TA,4,Typ,0,,Detchd,1988.0,Unf,1,308,TA,TA,P,0,0,0,0,0,0,,,Shed,600,8,2008,WD,Normal,79500
356,20,RL,105.0,11249,Pave,,IR2,Lvl,AllPub,Inside,Gtl,CollgCr,Norm,Norm,1Fam,1Story,6,5,1995,1995,Gable,CompShg,VinylSd,VinylSd,None,0.0,Gd,Gd,PConc,Gd,Gd,No,ALQ,334,BLQ,544,322,1200,GasA,Ex,Y,SBrkr,1200,0,0,1200,1,0,2,0,3,1,Gd,6,Typ,0,,Attchd,1995.0,RFn,2,521,TA,TA,Y,0,26,0,0,0,0,,,,0,8,2007,WD,Normal,177500
1157,80,RL,85.0,9350,Pave,,Reg,Lvl,AllPub,Inside,Gtl,NAmes,Norm,Norm,1Fam,SLvl,5,8,1965,1999,Gable,CompShg,BrkFace,BrkFace,None,0.0,TA,Gd,PConc,TA,TA,Gd,ALQ,633,Unf,0,586,1219,GasA,Gd,Y,SBrkr,1265,0,0,1265,0,1,2,0,3,1,Gd,6,Typ,1,Gd,Attchd,1965.0,RFn,2,502,TA,TA,Y,0,92,0,96,0,0,,MnPrv,,0,10,2008,WD,Normal,179900
1415,50,RL,64.0,13053,Pave,Pave,Reg,Bnk,AllPub,Inside,Gtl,BrkSide,Norm,Norm,1Fam,1.5Fin,6,7,1923,2000,Gambrel,CompShg,Wd Sdng,Wd Sdng,None,0.0,TA,TA,BrkTil,TA,TA,No,Unf,0,Unf,0,833,833,GasA,Gd,Y,SBrkr,1053,795,0,1848,0,0,1,1,4,1,Gd,8,Typ,1,Gd,Detchd,1922.0,Unf,2,370,TA,TA,N,0,0,0,0,220,0,,,,0,6,2008,WD,Normal,207000
711,30,RL,56.0,4130,Pave,,IR1,Lvl,AllPub,Inside,Gtl,BrkSide,Norm,Norm,1Fam,1Story,3,6,1935,2003,Gable,CompShg,VinylSd,VinylSd,None,0.0,Gd,TA,CBlock,TA,TA,No,Unf,0,Unf,0,270,270,GasA,Gd,Y,SBrkr,729,0,0,729,0,0,1,0,2,1,TA,5,Maj2,0,,,,,0,0,,,N,0,0,0,0,0,0,,,,0,7,2008,WD,Normal,52000
524,60,RL,130.0,40094,Pave,,IR1,Bnk,AllPub,Inside,Gtl,Edwards,PosN,PosN,1Fam,2Story,10,5,2007,2008,Hip,CompShg,CemntBd,CmentBd,Stone,762.0,Ex,TA,PConc,Ex,TA,Gd,GLQ,2260,Unf,0,878,3138,GasA,Ex,Y,SBrkr,3138,1538,0,4676,1,0,3,1,3,1,Ex,11,Typ,1,Gd,BuiltIn,2007.0,Fin,3,884,TA,TA,Y,208,406,0,0,0,0,,,,0,10,2007,New,Partial,184750
760,60,RL,65.0,12257,Pave,,IR1,Lvl,AllPub,Inside,Gtl,NoRidge,Norm,Norm,1Fam,2Story,8,5,1995,1995,Gable,CompShg,VinylSd,VinylSd,BrkFace,513.0,Gd,TA,PConc,Gd,TA,Av,LwQ,56,ALQ,64,1198,1318,GasA,Ex,Y,SBrkr,1328,1203,0,2531,0,0,2,1,4,1,Gd,9,Typ,1,TA,Attchd,1995.0,RFn,3,752,TA,TA,Y,222,98,0,0,0,0,,,,0,11,2007,WD,Normal,290000
1088,60,FV,85.0,10574,Pave,,Reg,Lvl,AllPub,Inside,Gtl,Somerst,Norm,Norm,1Fam,2Story,8,5,2005,2006,Gable,CompShg,VinylSd,VinylSd,None,0.0,Gd,TA,PConc,Gd,TA,Mn,Unf,0,Unf,0,1082,1082,GasA,Ex,Y,SBrkr,1082,871,0,1953,0,0,2,1,3,1,Gd,9,Typ,1,Gd,Attchd,2005.0,RFn,3,1043,TA,TA,Y,160,50,0,0,0,0,,,,0,5,2009,WD,Normal,252000
366,70,RM,59.0,10690,Pave,,Reg,Lvl,AllPub,Inside,Gtl,IDOTRR,Norm,Norm,1Fam,2Story,5,7,1920,1997,Hip,CompShg,VinylSd,VinylSd,None,0.0,TA,Gd,CBlock,TA,Fa,No,Rec,456,Unf,0,216,672,GasA,Gd,Y,FuseA,672,672,0,1344,0,0,1,0,3,1,TA,6,Typ,0,,Detchd,1964.0,Unf,1,468,TA,Fa,Y,0,128,218,0,0,0,,,,0,7,2009,WD,Normal,147000
279,20,RL,107.0,14450,Pave,,Reg,Lvl,AllPub,Inside,Gtl,NridgHt,Norm,Norm,1Fam,1Story,9,5,2006,2007,Gable,CompShg,CemntBd,CmentBd,BrkFace,315.0,Ex,TA,PConc,Ex,TA,Gd,Unf,0,Unf,0,2121,2121,GasA,Ex,Y,SBrkr,2121,0,0,2121,0,0,2,1,3,1,Ex,8,Typ,1,Ex,Attchd,2007.0,Fin,3,732,TA,TA,Y,124,98,0,0,142,0,,,,0,5,2007,New,Partial,415298
1433,30,RL,60.0,10800,Pave,Grvl,Reg,Lvl,AllPub,Inside,Gtl,OldTown,Norm,Norm,1Fam,1Story,4,6,1927,2007,Gable,CompShg,Wd Sdng,Wd Sdng,None,0.0,TA,TA,BrkTil,TA,TA,No,Unf,0,Unf,0,656,656,GasA,TA,Y,SBrkr,968,0,0,968,0,0,2,0,4,1,TA,5,Typ,0,,Detchd,1928.0,Unf,1,216,Fa,Fa,Y,0,0,0,0,0,0,,,,0,8,2007,WD,Normal,64500
627,20,RL,,12342,Pave,,IR1,Lvl,AllPub,Inside,Gtl,NAmes,Norm,Norm,1Fam,1Story,5,5,1960,1978,Hip,CompShg,Wd Sdng,Wd Sdng,None,0.0,TA,TA,CBlock,TA,TA,No,Unf,0,Unf,0,978,978,GasA,TA,Y,SBrkr,1422,0,0,1422,0,0,1,0,3,1,TA,6,Min1,1,TA,Attchd,1960.0,RFn,1,286,TA,TA,Y,0,0,36,0,0,0,,GdWo,Shed,600,8,2007,WD,Normal,139900
1230,80,RL,70.0,7910,Pave,,Reg,Lvl,AllPub,Inside,Gtl,NAmes,Norm,Norm,1Fam,SLvl,5,5,1960,1960,Hip,CompShg,BrkFace,HdBoard,None,0.0,TA,TA,CBlock,TA,TA,No,ALQ,666,Unf,0,409,1075,GasA,Gd,Y,SBrkr,1507,0,0,1507,0,0,2,0,4,1,TA,7,Maj1,0,,Basment,1960.0,Unf,1,404,TA,TA,Y,0,0,0,0,0,0,,GdWo,,0,8,2008,WD,Normal,127000
188,50,RL,60.0,10410,Pave,,Reg,Lvl,AllPub,Inside,Gtl,OldTown,Norm,Norm,1Fam,1.5Fin,5,7,1916,1987,Gable,CompShg,HdBoard,HdBoard,None,0.0,TA,TA,CBlock,Fa,TA,No,Unf,0,Unf,0,660,660,GasA,Ex,Y,SBrkr,808,704,144,1656,0,0,2,1,3,1,TA,8,Min2,0,,Detchd,1916.0,Unf,1,180,Fa,Fa,N,0,0,0,140,0,0,,MnPrv,,0,8,2009,WD,Normal,135000
949,60,RL,65.0,14006,Pave,,IR1,Lvl,AllPub,Inside,Gtl,CollgCr,Norm,Norm,1Fam,2Story,7,5,2002,2002,Gable,CompShg,VinylSd,VinylSd,BrkFace,144.0,Gd,TA,PConc,Gd,TA,,Unf,0,Unf,0,936,936,GasA,Ex,Y,SBrkr,936,840,0,1776,0,0,2,1,3,1,Gd,7,Typ,1,TA,Attchd,2002.0,RFn,2,474,TA,TA,Y,144,96,0,0,0,0,,,,0,2,2006,WD,Normal,192500
486,20,RL,80.0,9600,Pave,,Reg,Lvl,AllPub,Inside,Gtl,NAmes,Norm,Norm,1Fam,1Story,5,7,1950,2007,Gable,CompShg,MetalSd,MetalSd,None,0.0,Gd,TA,CBlock,TA,TA,No,ALQ,607,Unf,0,506,1113,GasA,Gd,Y,SBrkr,1113,0,0,1113,0,0,1,0,3,1,Gd,5,Typ,1,Gd,Attchd,1950.0,Unf,1,264,TA,TA,Y,0,80,120,0,0,0,,,,0,7,2009,WD,Normal,147000
1380,80,RL,73.0,9735,Pave,,Reg,Lvl,AllPub,Inside,Gtl,Timber,Norm,Norm,1Fam,SLvl,5,5,2006,2007,Gable,CompShg,VinylSd,VinylSd,None,0.0,TA,TA,PConc,Gd,TA,No,Unf,0,Unf,0,384,384,GasA,Gd,Y,,754,640,0,1394,0,0,2,1,3,1,Gd,7,Typ,0,,BuiltIn,2007.0,Fin,2,400,TA,TA,Y,100,0,0,0,0,0,,,,0,5,2008,WD,Normal,167500
285,120,RL,50.0,8012,Pave,,Reg,Lvl,AllPub,Inside,Gtl,SawyerW,Norm,Norm,TwnhsE,1Story,6,5,1992,1992,Gable,CompShg,Plywood,ImStucc,None,0.0,Gd,TA,PConc,Gd,TA,No,GLQ,430,Unf,0,1145,1575,GasA,Gd,Y,SBrkr,1575,0,0,1575,1,0,2,0,2,1,Gd,5,Typ,0,,Attchd,1992.0,RFn,2,529,TA,TA,Y,0,0,52,0,0,0,,,,0,7,2007,WD,Normal,179200
1399,50,RL,60.0,7200,Pave,,Reg,Lvl,AllPub,Inside,Gtl,NAmes,Norm,Norm,1Fam,1.5Fin,5,4,1950,1982,Gable,CompShg,VinylSd,Wd Sdng,None,0.0,TA,TA,CBlock,TA,TA,No,Rec,180,BLQ,352,676,1208,GasA,Gd,Y,FuseA,1136,768,0,1904,1,0,1,1,3,1,TA,7,Min1,0,,Attchd,1950.0,Unf,1,240,TA,TA,Y,0,0,168,0,0,0,,GdPrv,,0,5,2009,WD,Normal,138000
1065,20,RL,,11000,Pave,,IR1,Lvl,AllPub,CulDSac,Gtl,NAmes,Norm,Norm,1Fam,1Story,5,6,1966,1966,Gable,CompShg,Plywood,Plywood,BrkFace,200.0,TA,TA,CBlock,TA,TA,Mn,BLQ,740,Rec,230,184,1154,GasA,Ex,Y,SBrkr,1154,0,0,1154,0,0,1,1,3,1,TA,6,Typ,1,Po,Attchd,1966.0,RFn,2,480,TA,TA,Y,0,58,0,0,0,0,,MnPrv,,0,11,2009,WD,Normal,154000
938,60,RL,75.0,9675,Pave,,Reg,Lvl,AllPub,Inside,Gtl,Somerst,Norm,Norm,1Fam,2Story,7,5,2005,2005,Gable,CompShg,VinylSd,VinylSd,None,0.0,Gd,TA,PConc,Gd,TA,Mn,GLQ,341,Unf,0,772,1113,GasA,Ex,Y,SBrkr,1113,858,0,1971,0,0,2,1,3,1,Gd,8,Typ,1,Gd,Attchd,2005.0,RFn,2,689,TA,TA,Y,0,48,0,0,0,0,,,,0,2,2009,WD,Normal,253000
1205,20,RL,78.0,10140,Pave,,Reg,Lvl,AllPub,Inside,Gtl,NWAmes,Norm,Norm,1Fam,1Story,5,6,1975,1975,Gable,CompShg,HdBoard,HdBoard,None,0.0,TA,TA,CBlock,Gd,TA,No,ALQ,788,Unf,0,268,1056,GasA,Ex,Y,SBrkr,1074,0,0,1074,1,0,1,1,3,1,TA,6,Typ,0,,Attchd,1975.0,RFn,2,495,TA,TA,Y,0,88,0,0,0,0,,MnPrv,,0,7,2006,WD,Normal,153500
731,120,RL,39.0,5389,Pave,,IR1,Lvl,AllPub,Inside,Gtl,StoneBr,Norm,Norm,TwnhsE,1Story,8,5,1995,1996,Gable,CompShg,CemntBd,CmentBd,None,0.0,Gd,TA,PConc,Gd,TA,No,GLQ,1180,Unf,0,415,1595,GasA,Ex,Y,SBrkr,1616,0,0,1616,1,0,2,0,2,1,Gd,5,Typ,1,TA,Attchd,1995.0,RFn,2,608,TA,TA,Y,237,152,0,0,0,0,,,,0,3,2010,WD,Normal,236500
732,80,RL,73.0,9590,Pave,,IR1,Lvl,AllPub,Corner,Gtl,Timber,Norm,Norm,1Fam,SLvl,7,5,2003,2003,Gable,CompShg,VinylSd,VinylSd,BrkFace,442.0,Gd,TA,PConc,Ex,TA,Av,GLQ,786,Unf,0,82,868,GasA,Ex,Y,SBrkr,1146,0,0,1146,1,0,2,0,3,1,Gd,6,Typ,1,Gd,Attchd,2003.0,Fin,2,438,TA,TA,Y,160,22,0,0,0,0,,,,0,5,2007,WD,Normal,187500
1245,70,RL,,11435,Pave,,IR1,HLS,AllPub,Corner,Mod,Crawfor,Norm,Norm,1Fam,2Story,8,7,1929,1950,Gable,CompShg,BrkFace,Stucco,None,0.0,TA,TA,PConc,Gd,TA,No,Unf,0,Unf,0,792,792,GasA,Fa,Y,SBrkr,792,725,0,1517,0,0,1,0,3,1,Gd,7,Typ,2,Gd,Detchd,1931.0,Unf,2,400,TA,TA,Y,0,0,0,0,0,0,,,,0,6,2006,WD,Normal,230000
820,120,RL,44.0,6371,Pave,,IR1,Lvl,AllPub,Inside,Gtl,NridgHt,Norm,Norm,TwnhsE,1Story,7,5,2009,2010,Gable,CompShg,VinylSd,VinylSd,Stone,128.0,Gd,TA,PConc,Gd,TA,Mn,GLQ,733,Unf,0,625,1358,GasA,Ex,Y,SBrkr,1358,0,0,1358,1,0,2,0,2,1,Gd,6,Typ,1,Gd,Attchd,2010.0,RFn,2,484,TA,TA,Y,192,35,0,0,0,0,,,,0,6,2010,New,Partial,224000
628,80,RL,80.0,9600,Pave,,Reg,Lvl,AllPub,Inside,Gtl,NAmes,Norm,Norm,1Fam,SLvl,6,6,1955,1972,Gable,CompShg,AsbShng,AsbShng,BrkFace,164.0,TA,TA,CBlock,TA,TA,Av,BLQ,674,LwQ,132,350,1156,GasA,Ex,Y,SBrkr,1520,0,0,1520,1,0,1,0,3,1,TA,7,Typ,2,Gd,Basment,1955.0,RFn,1,364,TA,TA,Y,0,0,189,0,0,0,,,,0,3,2010,WD,Normal,153000
353,50,RL,60.0,9084,Pave,,Reg,Lvl,AllPub,Inside,Gtl,Edwards,Artery,Norm,1Fam,1.5Fin,5,6,1941,1950,Gable,CompShg,VinylSd,VinylSd,None,0.0,TA,TA,CBlock,TA,Fa,Mn,LwQ,236,Rec,380,0,616,GasA,TA,N,SBrkr,616,495,0,1111,0,1,1,0,3,1,TA,5,Typ,0,,Detchd,1941.0,Unf,1,200,TA,Fa,Y,48,0,0,0,0,0,,,,0,3,2008,ConLw,Normal,95000
449,50,RM,50.0,8600,Pave,,Reg,Bnk,AllPub,Inside,Gtl,IDOTRR,Norm,Norm,1Fam,1.5Fin,6,6,1937,1950,Gable,CompShg,MetalSd,MetalSd,None,0.0,TA,TA,BrkTil,TA,TA,No,Unf,0,Unf,0,780,780,GasA,TA,Y,SBrkr,780,596,0,1376,0,0,2,0,3,1,TA,7,Typ,1,Gd,Detchd,1937.0,Unf,1,198,TA,TA,N,0,0,0,0,0,0,,,,0,6,2006,WD,Normal,119500
1453,180,RM,35.0,3675,Pave,,Reg,Lvl,AllPub,Inside,Gtl,Edwards,Norm,Norm,TwnhsE,SLvl,5,5,2005,2005,Gable,CompShg,VinylSd,VinylSd,BrkFace,80.0,TA,TA,PConc,Gd,TA,Gd,GLQ,547,Unf,0,0,547,GasA,Gd,Y,SBrkr,1072,0,0,1072,1,0,1,0,2,1,TA,5,Typ,0,,Basment,2005.0,Fin,2,525,TA,TA,Y,0,28,0,0,0,0,,,,0,5,2006,WD,Normal,145000
620,60,RL,85.0,12244,Pave,,Reg,Lvl,AllPub,Inside,Gtl,Timber,Norm,Norm,1Fam,2Story,8,5,2003,2003,Hip,CompShg,VinylSd,VinylSd,Stone,226.0,Gd,TA,PConc,Gd,TA,Gd,GLQ,871,Unf,0,611,1482,GasA,Ex,Y,SBrkr,1482,780,0,2262,1,0,2,1,4,1,Gd,10,Typ,2,Gd,Attchd,2003.0,Fin,3,749,TA,TA,Y,168,0,0,0,0,0,,,,0,8,2008,WD,Normal,305000
512,120,RL,40.0,6792,Pave,,IR1,Lvl,AllPub,Inside,Gtl,NridgHt,Norm,Norm,TwnhsE,1Story,7,5,2005,2006,Gable,CompShg,VinylSd,VinylSd,Stone,94.0,Gd,TA,PConc,Gd,TA,No,Unf,0,Unf,0,1368,1368,GasA,Ex,Y,SBrkr,1368,0,0,1368,0,0,2,0,2,1,Gd,6,Typ,1,Gd,Attchd,2005.0,RFn,2,474,TA,TA,Y,132,35,0,0,0,0,,,,0,3,2006,New,Partial,202665
338,20,RL,70.0,9135,Pave,,Reg,Lvl,AllPub,Inside,Gtl,CollgCr,Norm,Norm,1Fam,1Story,7,5,2002,2003,Gable,CompShg,VinylSd,VinylSd,BrkFace,113.0,Gd,TA,PConc,Gd,TA,Av,GLQ,810,Unf,0,726,1536,GasA,Ex,Y,SBrkr,1536,0,0,1536,1,0,2,0,3,1,Gd,7,Typ,0,,Attchd,2002.0,RFn,2,532,TA,TA,Y,192,74,0,0,0,0,,,,0,12,2008,WD,Normal,214000
110,20,RL,105.0,11751,Pave,,IR1,Lvl,AllPub,Inside,Gtl,NWAmes,Norm,Norm,1Fam,1Story,6,6,1977,1977,Hip,CompShg,Plywood,Plywood,BrkFace,480.0,TA,TA,CBlock,Gd,TA,No,BLQ,705,Unf,0,1139,1844,GasA,Ex,Y,SBrkr,1844,0,0,1844,0,0,2,0,3,1,TA,7,Typ,1,TA,Attchd,1977.0,RFn,2,546,TA,TA,Y,0,122,0,0,0,0,,MnPrv,,0,1,2010,COD,Normal,190000
1391,20,RL,70.0,9100,Pave,,Reg,Lvl,AllPub,Inside,Gtl,CollgCr,Norm,Norm,1Fam,1Story,7,5,2000,2000,Gable,CompShg,VinylSd,VinylSd,BrkFace,244.0,Gd,TA,PConc,Gd,TA,Av,GLQ,1400,Unf,0,125,1525,GasA,Ex,Y,SBrkr,1525,0,0,1525,1,0,2,0,3,1,Gd,6,Typ,0,,Attchd,2000.0,RFn,2,541,TA,TA,Y,219,36,0,0,0,0,,,,0,9,2006,WD,Normal,235000
897,30,RM,50.0,8765,Pave,Grvl,Reg,Lvl,AllPub,Inside,Gtl,IDOTRR,Norm,Norm,1Fam,1Story,4,6,1936,1950,Gable,CompShg,Wd Sdng,Wd Sdng,None,0.0,TA,TA,BrkTil,TA,TA,No,ALQ,285,Unf,0,666,951,GasA,Ex,N,SBrkr,951,0,0,951,0,0,1,0,2,1,TA,6,Typ,0,,Detchd,1936.0,Unf,1,327,TA,TA,Y,0,28,0,0,0,0,,,,0,4,2006,WD,Abnorml,106500
394,30,RL,,7446,Pave,,Reg,Lvl,AllPub,Corner,Gtl,BrkSide,Feedr,Norm,1Fam,1Story,4,5,1941,1950,Gable,CompShg,WdShing,Wd Shng,None,0.0,TA,TA,CBlock,TA,TA,No,Rec,266,Unf,0,522,788,GasA,TA,Y,FuseA,788,0,0,788,0,0,1,0,2,1,TA,4,Typ,2,TA,,,,0,0,,,Y,0,0,0,0,0,0,,GdWo,,0,4,2006,WD,Abnorml,100000
1037,20,RL,89.0,12898,Pave,,IR1,HLS,AllPub,Inside,Gtl,Timber,Norm,Norm,1Fam,1Story,9,5,2007,2008,Hip,CompShg,VinylSd,VinylSd,Stone,70.0,Gd,TA,PConc,Ex,TA,Gd,GLQ,1022,Unf,0,598,1620,GasA,Ex,Y,SBrkr,1620,0,0,1620,1,0,2,0,2,1,Ex,6,Typ,1,Ex,Attchd,2008.0,Fin,3,912,TA,TA,Y,228,0,0,0,0,0,,,,0,9,2009,WD,Normal,315500
116,160,FV,34.0,3230,Pave,Pave,Reg,Lvl,AllPub,Corner,Gtl,Somerst,Norm,Norm,TwnhsE,2Story,6,5,1999,1999,Gable,CompShg,MetalSd,MetalSd,BrkFace,1129.0,TA,TA,PConc,Gd,TA,No,GLQ,419,Unf,0,310,729,GasA,Gd,Y,SBrkr,729,729,0,1458,0,0,2,1,2,1,TA,5,Typ,1,Fa,Detchd,1999.0,Unf,2,440,TA,TA,Y,0,32,0,0,0,0,,,,0,6,2007,WD,Normal,176000
1175,70,RL,80.0,16560,Pave,,IR1,Lvl,AllPub,Inside,Gtl,Crawfor,Norm,Norm,1Fam,2Story,6,8,1932,1950,Gable,CompShg,Wd Sdng,Wd Sdng,None,0.0,TA,TA,BrkTil,Gd,TA,No,Rec,503,Unf,0,449,952,GasA,TA,Y,SBrkr,1170,1175,0,2345,0,0,2,1,4,1,TA,9,Typ,1,Gd,Detchd,1932.0,Unf,2,360,TA,TA,Y,0,0,0,0,0,0,,,,0,7,2006,WD,Normal,239000
1262,20,RL,80.0,9600,Pave,,Reg,Lvl,AllPub,Inside,Gtl,NAmes,Norm,Norm,1Fam,1Story,5,6,1956,1956,Hip,CompShg,MetalSd,MetalSd,None,0.0,TA,TA,CBlock,TA,TA,No,Rec,504,Unf,0,546,1050,GasA,Gd,Y,SBrkr,1050,0,0,1050,0,0,1,0,2,1,TA,5,Typ,0,,Attchd,1956.0,Unf,1,338,TA,TA,Y,0,0,0,0,0,0,,,,0,6,2009,WD,Normal,128900
725,20,RL,86.0,13286,Pave,,IR1,Lvl,AllPub,Inside,Gtl,Edwards,Norm,Norm,1Fam,1Story,9,5,2007,2008,Hip,CompShg,CemntBd,CmentBd,Stone,340.0,Ex,TA,PConc,Ex,TA,No,GLQ,1234,Unf,0,464,1698,GasA,Ex,Y,SBrkr,1698,0,0,1698,1,0,2,0,3,1,Ex,8,Typ,1,Gd,Attchd,2007.0,Fin,3,768,TA,TA,Y,327,64,0,0,0,0,,,,0,2,2009,WD,Normal,320000
890,20,RL,128.0,12160,Pave,,Reg,Lvl,AllPub,Inside,Gtl,NAmes,Feedr,Norm,1Fam,1Story,6,4,1953,1953,Hip,CompShg,Wd Sdng,Wd Sdng,BrkFace,90.0,TA,TA,CBlock,TA,TA,No,BLQ,1024,Unf,0,481,1505,GasA,Ex,Y,SBrkr,1505,0,0,1505,1,0,1,0,2,1,TA,6,Typ,1,TA,Attchd,1953.0,RFn,2,505,TA,TA,Y,0,0,0,162,0,0,,,,0,2,2009,WD,Normal,149500
263,80,RL,88.0,8471,Pave,,IR1,Lvl,AllPub,Corner,Gtl,Sawyer,Norm,Norm,1Fam,SLvl,6,7,1977,1995,Gable,CompShg,HdBoard,Plywood,BrkFace,46.0,TA,TA,CBlock,Gd,Gd,Av,ALQ,506,Unf,0,0,506,GasA,TA,Y,SBrkr,1212,0,0,1212,1,0,1,0,3,1,TA,6,Typ,1,TA,Attchd,1978.0,Unf,2,492,TA,TA,Y,292,12,0,0,0,0,,GdWo,,0,7,2006,WD,Normal,151000
1345,60,RL,85.0,11103,Pave,,IR1,Lvl,AllPub,Corner,Gtl,CollgCr,Norm,Norm,1Fam,2Story,7,5,2006,2006,Gable,CompShg,VinylSd,VinylSd,None,0.0,Gd,TA,PConc,Gd,TA,No,Unf,0,Unf,0,728,728,GasA,Ex,Y,SBrkr,728,728,0,1456,0,0,2,1,3,1,Gd,8,Typ,1,TA,Attchd,2006.0,Fin,2,440,TA,TA,Y,0,0,0,0,0,0,,,,0,7,2007,New,Partial,155835
930,60,RL,,13006,Pave,,IR1,Lvl,AllPub,Corner,Gtl,Gilbert,Norm,Norm,1Fam,2Story,7,5,1997,1997,Gable,CompShg,HdBoard,HdBoard,BrkFace,285.0,TA,TA,PConc,Gd,TA,No,Unf,0,Unf,0,964,964,GasA,Gd,Y,SBrkr,993,1243,0,2236,0,0,2,1,4,1,Gd,8,Typ,1,TA,BuiltIn,1997.0,Fin,2,642,TA,TA,Y,0,0,0,0,0,0,,,,0,11,2006,WD,Normal,222000
1026,20,RL,70.0,7700,Pave,,Reg,Lvl,AllPub,Corner,Gtl,CollgCr,Norm,Norm,1Fam,1Story,5,5,1972,1972,Gable,CompShg,VinylSd,VinylSd,None,0.0,TA,TA,CBlock,TA,TA,No,LwQ,138,Rec,468,276,882,GasA,TA,Y,SBrkr,882,0,0,882,1,0,1,0,3,1,TA,5,Typ,0,,Detchd,1980.0,Unf,2,461,TA,TA,Y,96,0,0,0,0,0,,MnPrv,,0,3,2007,WD,Normal,112500
735,20,RL,,8978,Pave,,IR1,Lvl,AllPub,Corner,Gtl,Sawyer,Norm,Norm,1Fam,1Story,5,5,1968,1968,Gable,CompShg,Plywood,Plywood,None,0.0,TA,TA,PConc,TA,TA,No,Unf,0,Unf,0,948,948,GasA,TA,Y,SBrkr,948,0,0,948,0,0,1,0,3,1,TA,6,Typ,0,,Attchd,1968.0,Unf,1,300,TA,TA,Y,147,0,0,0,0,0,,,,0,5,2007,WD,Family,108000
843,80,RL,82.0,9020,Pave,,Reg,Lvl,AllPub,Inside,Gtl,NAmes,Norm,Norm,1Fam,SLvl,6,7,1966,1966,Gable,CompShg,HdBoard,HdBoard,BrkFace,183.0,TA,TA,CBlock,TA,TA,Gd,Rec,312,ALQ,539,276,1127,GasA,TA,Y,SBrkr,1165,0,0,1165,1,0,1,1,3,1,TA,6,Typ,0,,Attchd,1966.0,RFn,2,490,Gd,Gd,Y,0,129,0,0,0,0,,GdPrv,,0,5,2008,WD,Normal,174900
1447,20,RL,,26142,Pave,,IR1,Lvl,AllPub,CulDSac,Gtl,Mitchel,Norm,Norm,1Fam,1Story,5,7,1962,1962,Gable,CompShg,HdBoard,HdBoard,BrkFace,189.0,TA,TA,CBlock,TA,TA,No,Rec,593,Unf,0,595,1188,GasA,TA,Y,SBrkr,1188,0,0,1188,0,0,1,0,3,1,TA,6,Typ,0,,Attchd,1962.0,Unf,1,312,TA,TA,P,261,39,0,0,0,0,,,,0,4,2010,WD,Normal,157900
1239,20,RL,63.0,13072,Pave,,Reg,Lvl,AllPub,Inside,Gtl,SawyerW,RRAe,Norm,1Fam,1Story,6,5,2005,2005,Gable,CompShg,VinylSd,VinylSd,None,0.0,Gd,TA,PConc,Gd,TA,No,Unf,0,Unf,0,1141,1141,GasA,Ex,Y,SBrkr,1141,0,0,1141,0,0,1,1,3,1,TA,6,Typ,0,,Detchd,2005.0,Unf,2,484,TA,TA,Y,0,0,0,0,0,0,,,,0,3,2006,WD,Abnorml,142500
587,30,RL,55.0,10267,Pave,,Reg,Lvl,AllPub,Inside,Gtl,BrkSide,RRAn,Norm,1Fam,1Story,6,7,1918,2000,Gable,CompShg,Stucco,Wd Shng,None,0.0,TA,Gd,BrkTil,TA,Gd,Mn,Rec,210,ALQ,606,0,816,GasA,Ex,Y,SBrkr,838,0,0,838,1,0,1,0,2,1,Fa,5,Typ,0,,Detchd,1961.0,Fin,1,275,TA,TA,N,0,0,112,0,0,0,,MnWw,,0,5,2008,WD,Normal,130000
886,120,FV,50.0,5119,Pave,,IR1,Lvl,AllPub,CulDSac,Gtl,Somerst,Norm,Norm,TwnhsE,1Story,9,5,1999,2000,Gable,CompShg,MetalSd,MetalSd,BrkFace,60.0,Gd,TA,PConc,Ex,TA,Av,GLQ,1238,Unf,0,460,1698,GasA,Ex,Y,SBrkr,1709,0,0,1709,1,0,2,0,2,1,Gd,5,Typ,1,TA,Attchd,1999.0,Fin,2,506,TA,TA,Y,97,65,0,0,0,0,,,,0,1,2008,CWD,Abnorml,328900
1290,60,RL,86.0,11065,Pave,,IR1,Lvl,AllPub,Inside,Gtl,NridgHt,Norm,Norm,1Fam,2Story,8,5,2006,2006,Gable,CompShg,VinylSd,VinylSd,Stone,788.0,Gd,TA,PConc,Gd,TA,Mn,Unf,0,Unf,0,1085,1085,GasA,Ex,Y,SBrkr,1120,850,0,1970,0,0,2,1,3,1,Ex,8,Typ,1,Gd,BuiltIn,2006.0,Fin,3,753,TA,TA,Y,177,74,0,0,0,0,,,,0,10,2006,New,Partial,281000
466,120,RM,,3072,Pave,,Reg,Lvl,AllPub,Inside,Gtl,Blmngtn,Norm,Norm,TwnhsE,1Story,7,5,2004,2004,Hip,CompShg,VinylSd,VinylSd,BrkFace,18.0,Gd,TA,PConc,Gd,TA,No,Unf,0,Unf,0,1375,1375,GasA,Ex,Y,SBrkr,1414,0,0,1414,0,0,2,0,2,1,Gd,6,Typ,1,TA,Attchd,2004.0,Fin,2,398,TA,TA,Y,144,20,0,0,0,0,,,,0,5,2006,WD,Normal,178740
1295,20,RL,60.0,8172,Pave,,Reg,Lvl,AllPub,Inside,Gtl,Edwards,Norm,Norm,1Fam,1Story,5,7,1955,1990,Hip,CompShg,WdShing,Plywood,None,0.0,TA,TA,CBlock,TA,TA,No,Rec,167,Unf,0,697,864,GasA,TA,Y,SBrkr,864,0,0,864,1,0,1,0,2,1,TA,5,Typ,0,,Detchd,1957.0,Unf,2,572,TA,TA,N,0,0,0,0,0,0,,,,0,4,2006,WD,Normal,115000
631,70,RM,50.0,9000,Pave,Grvl,Reg,Lvl,AllPub,Corner,Gtl,OldTown,Artery,Norm,1Fam,2Story,5,6,1880,1991,Gable,CompShg,VinylSd,VinylSd,None,0.0,TA,TA,BrkTil,Fa,Fa,No,Unf,0,Unf,0,636,636,GasA,TA,Y,FuseA,1089,661,0,1750,0,0,1,0,3,1,Ex,8,Typ,0,,Detchd,1937.0,Unf,1,240,Fa,Po,N,0,0,293,0,0,0,,MnPrv,,0,6,2006,WD,Abnorml,124000
1286,50,RM,50.0,6000,Pave,,Reg,Lvl,AllPub,Inside,Gtl,BrkSide,Norm,Norm,1Fam,1.5Fin,6,6,1939,1950,Gable,CompShg,MetalSd,MetalSd,None,0.0,TA,Fa,CBlock,TA,TA,No,Unf,0,Unf,0,780,780,GasA,Ex,Y,FuseF,825,587,0,1412,0,0,1,0,4,1,TA,6,Typ,1,Gd,Detchd,1939.0,Unf,1,280,TA,TA,Y,45,0,0,0,0,0,,,,0,5,2009,WD,Normal,132500
976,160,FV,,2651,Pave,,Reg,Lvl,AllPub,FR2,Gtl,Somerst,Norm,Norm,Twnhs,2Story,7,5,2000,2000,Gable,CompShg,MetalSd,MetalSd,None,0.0,Gd,TA,PConc,Gd,TA,No,GLQ,641,Unf,0,32,673,GasA,Ex,Y,SBrkr,673,709,0,1382,1,0,2,1,3,1,Gd,6,Typ,0,,Detchd,2000.0,Unf,2,490,TA,TA,Y,153,50,0,0,0,0,,,,0,4,2006,WD,Normal,165000
1231,90,RL,,18890,Pave,,IR1,Lvl,AllPub,Inside,Gtl,Sawyer,Feedr,RRAe,Duplex,1.5Fin,5,5,1977,1977,Shed,CompShg,Plywood,Plywood,None,1.0,TA,TA,CBlock,Gd,TA,No,GLQ,498,Rec,211,652,1361,GasA,Ex,Y,SBrkr,1361,1259,0,2620,0,0,2,2,4,2,TA,12,Typ,1,TA,BuiltIn,1977.0,RFn,2,600,TA,TA,N,155,24,145,0,0,0,,,Gar2,8300,8,2007,WD,Normal,190000
1281,20,RL,67.0,9808,Pave,,IR1,Lvl,AllPub,Inside,Gtl,CollgCr,Norm,Norm,1Fam,1Story,7,5,2002,2002,Gable,CompShg,VinylSd,VinylSd,BrkFace,110.0,Gd,TA,PConc,Gd,TA,No,GLQ,788,Unf,0,785,1573,GasA,Ex,Y,SBrkr,1573,0,0,1573,1,0,2,0,3,1,Gd,6,Typ,0,,Attchd,2002.0,RFn,2,544,TA,TA,Y,0,72,0,0,0,0,,,,0,3,2009,WD,Normal,227000
227,60,RL,82.0,9950,Pave,,IR1,Lvl,AllPub,Inside,Gtl,NoRidge,Norm,Norm,1Fam,2Story,7,5,1995,1995,Gable,CompShg,VinylSd,VinylSd,BrkFace,290.0,Gd,TA,PConc,Gd,TA,No,GLQ,565,Unf,0,638,1203,GasA,Ex,Y,SBrkr,1214,1306,0,2520,0,0,2,1,4,1,Gd,9,Typ,1,TA,Attchd,1995.0,RFn,3,721,TA,TA,Y,224,114,0,0,0,0,,,,0,6,2007,WD,Abnorml,290000
733,60,RL,75.0,11404,Pave,,IR1,Lvl,AllPub,Inside,Gtl,CollgCr,Norm,Norm,1Fam,2Story,7,5,1998,1999,Gable,CompShg,VinylSd,VinylSd,BrkFace,202.0,Gd,TA,PConc,Gd,TA,Av,ALQ,252,Unf,0,901,1153,GasA,Ex,Y,SBrkr,1153,878,0,2031,0,0,2,1,3,1,Gd,8,Typ,1,TA,Attchd,1998.0,Fin,2,541,TA,TA,Y,192,84,0,0,0,0,,,,0,7,2008,WD,Normal,222500
251,30,RL,55.0,5350,Pave,,IR1,Lvl,AllPub,Inside,Gtl,BrkSide,Norm,Norm,1Fam,1Story,3,2,1940,1966,Gable,CompShg,Wd Sdng,Plywood,None,0.0,TA,Po,CBlock,TA,TA,No,Unf,0,Unf,0,728,728,GasA,Ex,Y,SBrkr,1306,0,0,1306,0,0,1,0,3,1,Fa,6,Mod,0,,,,,0,0,,,Y,263,0,0,0,0,0,,GdWo,Shed,450,5,2010,WD,Normal,76500
1406,120,RM,44.0,3842,Pave,,IR1,HLS,AllPub,Inside,Mod,Crawfor,Norm,Norm,TwnhsE,1Story,8,5,2004,2005,Hip,CompShg,CemntBd,CmentBd,Stone,174.0,Gd,TA,PConc,Ex,TA,Gd,GLQ,1373,Unf,0,221,1594,GasA,Ex,Y,SBrkr,1646,0,0,1646,1,1,2,0,2,1,Gd,5,Typ,1,Gd,Attchd,2004.0,Fin,2,482,TA,TA,Y,128,53,0,0,155,0,,,,0,1,2008,WD,Normal,275000
439,30,RL,40.0,4280,Pave,,Reg,Lvl,AllPub,Inside,Gtl,Crawfor,Norm,Norm,1Fam,1Story,5,6,1913,2002,Gable,CompShg,WdShing,Stucco,None,0.0,TA,TA,PConc,TA,TA,No,LwQ,365,Unf,0,75,440,GasA,TA,N,SBrkr,694,0,0,694,0,0,1,0,2,1,Gd,4,Typ,1,Gd,Detchd,1990.0,Unf,1,352,Gd,TA,P,0,0,34,0,0,0,,MnPrv,,0,3,2007,WD,Normal,90350
167,20,RL,,10708,Pave,,IR1,Lvl,AllPub,Inside,Gtl,ClearCr,Norm,Norm,1Fam,1Story,5,5,1955,1993,Hip,CompShg,Wd Sdng,Wd Sdng,None,0.0,Gd,TA,CBlock,TA,TA,No,LwQ,379,BLQ,768,470,1617,GasA,Ex,Y,FuseA,1867,0,0,1867,1,0,1,0,2,1,TA,7,Typ,3,Gd,Attchd,1955.0,Fin,1,303,TA,TA,Y,476,0,0,0,142,0,,GdWo,,0,11,2009,COD,Normal,190000
1325,20,RL,75.0,9986,Pave,,Reg,Lvl,AllPub,Inside,Gtl,Somerst,Norm,Norm,1Fam,1Story,8,5,2006,2007,Gable,CompShg,VinylSd,VinylSd,BrkFace,428.0,Gd,TA,PConc,Ex,TA,Av,Unf,0,Unf,0,1795,1795,GasA,Ex,Y,SBrkr,1795,0,0,1795,0,0,2,0,2,1,Gd,7,Typ,1,Gd,Attchd,2007.0,RFn,3,895,TA,TA,Y,0,49,0,0,0,0,,,,0,2,2007,New,Partial,147000
1267,190,RM,60.0,10120,Pave,,IR1,Bnk,AllPub,Inside,Gtl,OldTown,Feedr,Norm,2fmCon,2.5Unf,7,4,1910,1950,Hip,CompShg,Wd Sdng,Wd Sdng,None,0.0,Fa,TA,CBlock,TA,TA,No,Unf,0,Unf,0,925,925,GasA,TA,N,FuseF,964,925,0,1889,0,0,1,1,4,2,TA,9,Typ,1,Gd,Detchd,1960.0,Unf,1,308,TA,TA,N,0,0,264,0,0,0,,MnPrv,,0,1,2007,WD,Normal,122000
1012,90,RL,75.0,9825,Pave,,Reg,Lvl,AllPub,Inside,Gtl,Edwards,Norm,Norm,Duplex,1Story,5,5,1965,1965,Hip,CompShg,AsphShn,AsphShn,None,0.0,TA,TA,CBlock,,,,,0,,0,0,0,GasA,TA,N,SBrkr,1664,0,0,1664,0,0,2,0,4,2,TA,8,Typ,0,,,,,0,0,,,Y,0,0,0,0,0,0,,,,0,5,2010,WD,Normal,100000
1413,90,RL,60.0,7200,Pave,,Reg,Lvl,AllPub,Inside,Gtl,NAmes,Norm,Norm,Duplex,1Story,4,5,1949,1950,Gable,CompShg,BrkFace,Stone,None,0.0,TA,TA,Slab,,,,,0,,0,0,0,Wall,Fa,N,FuseF,1040,0,0,1040,0,0,2,0,2,2,TA,6,Typ,0,,Detchd,1956.0,Unf,2,420,TA,TA,Y,0,0,0,0,0,0,,,,0,6,2009,WD,Normal,90000
102,60,RL,77.0,9206,Pave,,Reg,Lvl,AllPub,Inside,Gtl,SawyerW,Norm,Norm,1Fam,2Story,6,5,1985,1985,Gable,CompShg,HdBoard,HdBoard,BrkFace,336.0,Gd,TA,CBlock,Gd,TA,No,Unf,0,Unf,0,741,741,GasA,TA,Y,SBrkr,977,755,0,1732,0,0,2,1,3,1,Gd,7,Typ,1,TA,Attchd,1985.0,Fin,2,476,TA,TA,Y,192,46,0,0,0,0,,,,0,6,2010,WD,Normal,178000
94,190,C (all),60.0,7200,Pave,,Reg,Lvl,AllPub,Corner,Gtl,OldTown,Norm,Norm,2fmCon,2.5Unf,6,6,1910,1998,Hip,CompShg,MetalSd,MetalSd,None,0.0,TA,TA,BrkTil,TA,Fa,Mn,Rec,1046,Unf,0,168,1214,GasW,Ex,N,SBrkr,1260,1031,0,2291,0,1,2,0,4,2,TA,9,Typ,1,Gd,Detchd,1900.0,Unf,2,506,TA,TA,Y,0,0,0,0,99,0,,,,0,11,2007,WD,Normal,133900
305,75,RM,87.0,18386,Pave,,Reg,Lvl,AllPub,Inside,Gtl,OldTown,Norm,Norm,1Fam,2.5Fin,7,9,1880,2002,Gable,CompShg,CemntBd,CmentBd,None,0.0,TA,TA,BrkTil,TA,TA,No,Unf,0,Unf,0,1470,1470,GasA,Ex,Y,SBrkr,1675,1818,0,3493,0,0,3,0,3,1,Gd,10,Typ,1,Ex,Attchd,2003.0,Unf,3,870,TA,TA,Y,302,0,0,0,0,0,,,,0,5,2008,WD,Normal,295000
668,20,RL,65.0,8125,Pave,,Reg,Lvl,AllPub,Inside,Gtl,SawyerW,Norm,Norm,1Fam,1Story,6,5,1994,1998,Gable,CompShg,HdBoard,HdBoard,BrkFace,258.0,TA,TA,PConc,Gd,TA,No,GLQ,1138,Unf,0,270,1408,GasA,Ex,Y,SBrkr,1679,0,0,1679,1,0,2,0,3,1,Gd,7,Typ,1,Fa,Attchd,1994.0,RFn,2,575,TA,TA,Y,224,42,0,0,0,0,,,,0,10,2008,WD,Normal,193500
259,60,RL,80.0,12435,Pave,,Reg,Lvl,AllPub,Inside,Gtl,CollgCr,Norm,Norm,1Fam,2Story,7,5,2001,2001,Gable,CompShg,VinylSd,VinylSd,BrkFace,172.0,Gd,TA,PConc,Gd,TA,No,GLQ,361,Unf,0,602,963,GasA,Ex,Y,SBrkr,963,829,0,1792,0,0,2,1,3,1,Gd,7,Typ,1,TA,Attchd,2001.0,RFn,2,564,TA,TA,Y,0,96,0,245,0,0,,,,0,5,2008,WD,Normal,231500
990,60,FV,65.0,8125,Pave,,Reg,Lvl,AllPub,Inside,Gtl,Somerst,Norm,Norm,1Fam,2Story,7,5,2006,2006,Gable,CompShg,VinylSd,VinylSd,None,0.0,Gd,TA,PConc,Gd,Gd,No,Unf,0,Unf,0,770,770,GasA,Ex,Y,SBrkr,778,798,0,1576,0,0,2,1,3,1,Gd,6,Typ,0,,Attchd,2006.0,RFn,2,614,TA,TA,Y,0,50,0,0,0,0,,,,0,8,2006,New,Partial,197000
341,60,RL,85.0,14191,Pave,,Reg,Lvl,AllPub,Inside,Gtl,Timber,Norm,Norm,1Fam,2Story,8,5,2002,2002,Gable,CompShg,VinylSd,VinylSd,None,0.0,Gd,TA,PConc,Gd,TA,No,Unf,0,Unf,0,967,967,GasA,Ex,Y,SBrkr,993,915,0,1908,0,0,2,1,4,1,Gd,9,Typ,0,,Attchd,2002.0,Fin,2,431,TA,TA,Y,135,0,0,0,0,0,,,,0,4,2010,WD,Normal,202900
986,190,RL,68.0,10880,Pave,,Reg,Lvl,AllPub,Inside,Gtl,Edwards,Norm,Norm,2fmCon,1Story,5,5,1950,1950,Gable,CompShg,MetalSd,MetalSd,None,0.0,TA,TA,CBlock,TA,TA,No,ALQ,1040,Unf,0,124,1164,GasW,TA,N,SBrkr,1164,0,0,1164,1,0,1,0,3,1,TA,5,Typ,0,,Detchd,1950.0,Unf,1,240,TA,TA,Y,0,48,0,0,0,0,,,,0,8,2008,ConLD,Normal,125000
236,160,RM,21.0,1680,Pave,,Reg,Lvl,AllPub,Inside,Gtl,BrDale,Norm,Norm,TwnhsE,2Story,6,3,1971,1971,Gable,CompShg,HdBoard,HdBoard,BrkFace,604.0,TA,TA,CBlock,TA,TA,No,ALQ,358,Unf,0,125,483,GasA,TA,Y,SBrkr,483,504,0,987,0,0,1,1,2,1,TA,5,Typ,0,,Detchd,1971.0,Unf,1,264,TA,TA,Y,0,0,0,0,0,0,,,,0,8,2008,WD,Normal,89500
781,20,RL,63.0,7875,Pave,,Reg,Lvl,AllPub,Inside,Gtl,Gilbert,Norm,Norm,1Fam,1Story,7,5,1995,1996,Gable,CompShg,HdBoard,HdBoard,BrkFace,38.0,TA,TA,PConc,Gd,Gd,No,Unf,0,Unf,0,1237,1237,GasA,Gd,Y,SBrkr,1253,0,0,1253,0,0,2,0,3,1,TA,6,Typ,1,TA,Attchd,1995.0,Fin,2,402,TA,TA,Y,220,21,0,0,0,0,,,,0,6,2007,WD,Normal,176000
728,20,RL,64.0,7314,Pave,,Reg,Lvl,AllPub,Inside,Gtl,CollgCr,Norm,Norm,1Fam,1Story,7,5,2007,2007,Gable,CompShg,VinylSd,VinylSd,Stone,82.0,Gd,TA,PConc,Gd,TA,Av,GLQ,724,Unf,0,508,1232,GasA,Ex,Y,SBrkr,1232,0,0,1232,1,0,2,0,2,1,Gd,6,Typ,0,,Attchd,2007.0,RFn,2,632,TA,TA,Y,132,0,0,0,0,0,,,,0,2,2009,WD,Normal,194500
1190,60,RL,60.0,7500,Pave,,Reg,Lvl,AllPub,Inside,Gtl,Gilbert,Norm,Norm,1Fam,2Story,7,5,1999,1999,Gable,CompShg,VinylSd,VinylSd,None,0.0,TA,TA,PConc,TA,TA,No,Unf,0,Unf,0,994,994,GasA,Gd,Y,SBrkr,1028,776,0,1804,0,0,2,1,3,1,Gd,7,Typ,1,TA,Attchd,1999.0,Fin,2,442,TA,TA,Y,140,60,0,0,0,0,,,,0,6,2010,WD,Normal,189000
734,20,RL,80.0,10000,Pave,,Reg,Lvl,AllPub,Corner,Gtl,Sawyer,Feedr,Norm,1Fam,1Story,5,6,1961,1983,Hip,CompShg,HdBoard,HdBoard,None,0.0,TA,TA,CBlock,TA,TA,No,BLQ,594,Unf,0,270,864,GasA,Ex,Y,SBrkr,1144,0,0,1144,1,0,1,0,3,1,TA,6,Typ,1,TA,Attchd,1961.0,RFn,1,264,TA,TA,Y,165,0,0,0,0,0,,GdWo,Shed,400,3,2009,WD,Normal,131400
879,85,RL,88.0,11782,Pave,,IR1,Lvl,AllPub,Inside,Gtl,Sawyer,Norm,Norm,1Fam,SFoyer,5,7,1961,1995,Gable,CompShg,HdBoard,HdBoard,None,0.0,TA,TA,CBlock,TA,TA,Av,ALQ,899,Unf,0,210,1109,GasA,TA,Y,SBrkr,1155,0,0,1155,1,0,1,0,3,1,Gd,6,Min2,0,,Detchd,1987.0,Unf,2,576,TA,TA,Y,192,0,0,0,0,0,,MnPrv,Shed,400,6,2010,WD,Normal,148000
272,20,RL,73.0,39104,Pave,,IR1,Low,AllPub,CulDSac,Sev,ClearCr,Norm,Norm,1Fam,1Story,7,7,1954,2005,Flat,Membran,Plywood,Plywood,None,0.0,TA,TA,CBlock,Gd,TA,Gd,LwQ,226,GLQ,1063,96,1385,GasA,Ex,Y,SBrkr,1363,0,0,1363,1,0,1,0,2,1,TA,5,Mod,2,TA,Attchd,1954.0,Unf,2,439,TA,TA,Y,81,0,0,0,0,0,,,,0,4,2008,WD,Normal,241500
1361,70,RL,51.0,9842,Pave,,Reg,Lvl,AllPub,Inside,Gtl,SWISU,Feedr,Norm,1Fam,2Story,5,6,1921,1998,Gable,CompShg,MetalSd,Wd Sdng,None,0.0,TA,TA,BrkTil,TA,Fa,No,Unf,0,Unf,0,612,612,GasA,Ex,Y,SBrkr,990,1611,0,2601,0,0,3,1,4,1,TA,8,Typ,0,,BuiltIn,1998.0,RFn,2,621,TA,TA,Y,183,0,301,0,0,0,,,,0,5,2008,WD,Normal,189000
1393,85,RL,68.0,7838,Pave,,Reg,Lvl,AllPub,Inside,Gtl,NAmes,Norm,Norm,1Fam,SFoyer,5,5,1967,1967,Gable,CompShg,HdBoard,HdBoard,None,0.0,TA,TA,CBlock,TA,TA,Av,ALQ,769,Unf,0,95,864,GasA,TA,Y,SBrkr,900,0,0,900,1,0,1,0,3,1,TA,6,Typ,1,Po,Attchd,1967.0,RFn,1,288,TA,TA,Y,175,144,0,0,0,0,,MnWw,,0,12,2006,WD,Normal,123000
349,160,RL,36.0,2448,Pave,,Reg,Lvl,AllPub,Inside,Gtl,NridgHt,Norm,Norm,Twnhs,2Story,7,5,2003,2004,Gable,CompShg,VinylSd,Wd Shng,Stone,106.0,Gd,TA,PConc,Gd,TA,No,GLQ,573,Unf,0,191,764,GasA,Ex,Y,SBrkr,764,862,0,1626,1,0,2,1,2,1,Gd,6,Typ,0,,BuiltIn,2003.0,RFn,2,474,TA,TA,Y,0,27,0,0,0,0,,,,0,10,2008,WD,Normal,154000
23,20,RL,75.0,9742,Pave,,Reg,Lvl,AllPub,Inside,Gtl,CollgCr,Norm,Norm,1Fam,1Story,8,5,2002,2002,Hip,CompShg,VinylSd,VinylSd,BrkFace,281.0,Gd,TA,PConc,Gd,TA,No,Unf,0,Unf,0,1777,1777,GasA,Ex,Y,SBrkr,1795,0,0,1795,0,0,2,0,3,1,Gd,7,Typ,1,Gd,Attchd,2002.0,RFn,2,534,TA,TA,Y,171,159,0,0,0,0,,,,0,9,2008,WD,Normal,230000
1424,80,RL,,19690,Pave,,IR1,Lvl,AllPub,CulDSac,Gtl,Edwards,Norm,Norm,1Fam,SLvl,6,7,1966,1966,Flat,Tar&Grv,Plywood,Plywood,None,0.0,Gd,Gd,CBlock,Gd,TA,Av,Unf,0,Unf,0,697,697,GasA,TA,Y,SBrkr,1575,626,0,2201,0,0,2,0,4,1,Gd,8,Typ,1,Gd,Attchd,1966.0,Unf,2,432,Gd,Gd,Y,586,236,0,0,0,738,Gd,GdPrv,,0,8,2006,WD,Alloca,274970
1073,50,RL,50.0,7585,Pave,,Reg,Lvl,AllPub,Inside,Gtl,Edwards,Artery,Norm,1Fam,1.5Fin,5,3,1948,1950,Gable,CompShg,MetalSd,MetalSd,None,0.0,TA,TA,CBlock,Fa,Fa,Mn,Unf,0,Unf,0,810,810,GasA,Fa,Y,FuseA,1002,454,0,1456,1,1,1,0,4,1,TA,7,Typ,1,TA,Detchd,1954.0,Unf,1,280,TA,TA,P,0,0,0,0,0,0,,,,0,8,2006,WD,Normal,91500
157,20,RL,60.0,7200,Pave,,Reg,Lvl,AllPub,Inside,Gtl,NAmes,Norm,Norm,1Fam,1Story,5,7,1950,1950,Hip,CompShg,Wd Sdng,Wd Sdng,None,0.0,TA,TA,CBlock,,,,,0,,0,0,0,GasA,TA,Y,FuseF,1040,0,0,1040,0,0,1,0,2,1,TA,5,Typ,0,,Detchd,1950.0,Unf,2,625,TA,TA,Y,0,0,0,0,0,0,,,,0,6,2006,WD,Normal,109500
